[
  {
    "url": "https://www.youtube.com/@10thwonderrr",
    "channelId": "UCdiB_nohggjdweNs1lMCFnw",
    "discordChannelId": "1398341053269938262",
    "useEmbed": true,
    "addedBy": "1246506845942579311",
    "addedAt": "2025-08-08T04:15:47.708Z",
    "lastVideoId": "yQzceNMcq4c",
    "lastCheckTime": "2025-08-18T21:28:21.494Z",
    "guildId": "1162382486031061015"
  },
  {
    "url": "https://www.youtube.com/@hitzeedceha",
    "channelId": "UCr4I78Jll4KHAAReixuvijA",
    "discordChannelId": "1406682794956165202",
    "guildId": "1246508676181921872",
    "useEmbed": false,
    "addedBy": "1246506845942579311",
    "addedAt": "2025-08-18T16:26:23.418Z",
    "lastVideoId": "qqqmk3P_vEw",
    "lastCheckTime": "2025-08-18T16:28:22.082Z"
  }
]