{
  "welcomeChannel": "1348736324353392681",
  "goodbyeChannel": "1348736324353392681",
  "registerChannel": "1336337929311752224",
  "registerRole": "1418452363529814179",
  "antiLink": true,
  "allowedLinks": [],
  "gameRoles": [
    {
      "id": "1399072554341110034",
      "name": "ZZZ"
    },
    {
      "id": "1358691922302079046",
      "name": "MINECRAFT"
    },
    {
      "id": "1364550992548331590",
      "name": "MOBILE LEGENDS"
    },
    {
      "id": "1364551249516691538",
      "name": "Free fire"
    },
    {
      "id": "1364552065258360835",
      "name": "Blood strike"
    },
    {
      "id": "1364551051352608768",
      "name": "Pubg"
    },
    {
      "id": "1373490265880531004",
      "name": "Valorant"
    },
    {
      "id": "1368613930083155988",
      "name": "Roblox"
    },
    {
      "id": "1364551351438151711",
      "name": "Genshin"
    },
    {
      "id": "1364551300582346772",
      "name": "Call of duty"
    }
  ],
  "gameRoleChannel": "1351610336213733480",
  "randomRoles": [],
  "randomRoleMenus": [],
  "adminRole": null,
  "nameRequests": {},
  "welcomeMessage": "SELAMAT DATANG {nickname}",
  "autoRoles": [],
  "createVoice": {
    "categoryId": "1398597970185949276",
    "textChannelId": "1398597972442353754",
    "voiceChannelId": "1398597974229127229",
    "userChannels": {}
  },
  "privateVC": {}
}